table,column,dtype,bins,distinct_count
customer,c_custkey,bigint,"[1.0, 58629.0, 117724.0, 176935.0, 235656.0, 295076.0, 353978.0, 413099.0, 472569.0, 531377.0, 590231.0, 649309.0, 708110.0, 767333.0, 826705.0, 884986.0, 944520.0, 1003739.0, 1062659.0, 1122224.0, 1180620.0, 1239888.0, 1299143.0, 1357525.0, 1417112.0, 1475894.0, 1535563.0, 1594125.0, 1653297.0, 1712098.0, 1771481.0, 1830373.0, 1889236.0, 1948604.0, 2007385.0, 2066747.0, 2125584.0, 2185189.0, 2243916.0, 2303246.0, 2361975.0, 2420959.0, 2480066.0, 2539350.0, 2597699.0, 2657216.0, 2716313.0, 2775366.0, 2834162.0, 2893331.0, 2952455.0, 3011555.0, 3070493.0, 3129728.0, 3188775.0, 3247925.0, 3306637.0, 3365602.0, 3424835.0, 3484129.0, 3542979.0, 3602252.0, 3660943.0, 3720385.0, 3779079.0, 3838156.0, 3897065.0, 3956289.0, 4015508.0, 4074463.0, 4133022.0, 4192472.0, 4251691.0, 4310751.0, 4369934.0, 4429183.0, 4488450.0, 4547088.0, 4605881.0, 4664760.0, 4723912.0, 4783231.0, 4842269.0, 4900847.0, 4959995.0, 5019370.0, 5078530.0, 5137317.0, 5196601.0, 5255405.0, 5314785.0, 5374349.0, 5432428.0, 5491703.0, 5550473.0, 5609834.0, 5669123.0, 5727834.0, 5787041.0, 5845866.0, 5905031.0, 5964435.0, 6023036.0, 6082158.0, 6141233.0, 6200564.0, 6259293.0, 6318671.0, 6377516.0, 6436973.0, 6496159.0, 6554794.0, 6613532.0, 6672830.0, 6732248.0, 6790819.0, 6850271.0, 6909344.0, 6967903.0, 7027135.0, 7086543.0, 7145571.0, 7204191.0, 7264041.0, 7322552.0, 7381686.0, 7440488.0, 7499035.0, 7558849.0, 7617667.0, 7676940.0, 7735437.0, 7795030.0, 7854124.0, 7912974.0, 7971999.0, 8031288.0, 8090482.0, 8149744.0, 8208472.0, 8267191.0, 8326420.0, 8385545.0, 8444244.0, 8503796.0, 8562415.0, 8621642.0, 8680990.0, 8739628.0, 8798677.0, 8857949.0, 8916790.0, 8976151.0, 9035234.0, 9094134.0, 9153207.0, 9212347.0, 9271131.0, 9330364.0, 9389446.0, 9448392.0, 9507200.0, 9566923.0, 9625632.0, 9684539.0, 9743571.0, 9802719.0, 9861941.0, 9920803.0, 9979604.0, 1.0038764E7, 1.0097837E7, 1.0157373E7, 1.0216146E7, 1.0275044E7, 1.033423E7, 1.0393033E7, 1.0452564E7, 1.0511552E7, 1.0570771E7, 1.0630081E7, 1.068889E7, 1.0747458E7, 1.0806664E7, 1.0866012E7, 1.0924915E7, 1.0983883E7, 1.104278E7, 1.1102255E7, 1.1160996E7, 1.1219658E7, 1.1279531E7, 1.1338085E7, 1.1397206E7, 1.1456112E7, 1.1515059E7, 1.1574027E7, 1.1633431E7, 1.1692461E7, 1.1751347E7, 1.1810689E7, 1.1869993E7, 1.1928917E7, 1.1987584E7, 1.2046687E7, 1.2106252E7, 1.2164817E7, 1.2223934E7, 1.2282996E7, 1.2342156E7, 1.2401222E7, 1.2460611E7, 1.2519696E7, 1.2578674E7, 1.2637248E7, 1.2696613E7, 1.2756058E7, 1.2814617E7, 1.2873695E7, 1.2932788E7, 1.2991469E7, 1.3050988E7, 1.3109707E7, 1.3169038E7, 1.3228131E7, 1.3287373E7, 1.334599E7, 1.3404985E7, 1.3464241E7, 1.3523092E7, 1.3582447E7, 1.3641025E7, 1.37E7, 1.3759314E7, 1.3818603E7, 1.3877428E7, 1.3936372E7, 1.3995463E7, 1.4054562E7, 1.4113913E7, 1.4172865E7, 1.423211E7, 1.4291124E7, 1.4350185E7, 1.4408966E7, 1.4468712E7, 1.4527227E7, 1.4586056E7, 1.4645034E7, 1.4704557E7, 1.4763511E7, 1.4822632E7, 1.4881556E7, 1.4940444E7, 1.5E7]",13828764
customer,c_name,string,[],15000000
customer,c_address,string,[],15000000
customer,c_nationkey,bigint,"[0.0, 1.0, 2.0, 3.0, 4.0, 5.0, 6.0, 7.0, 8.0, 9.0, 10.0, 11.0, 12.0, 13.0, 14.0, 15.0, 16.0, 17.0, 18.0, 19.0, 20.0, 21.0, 22.0, 23.0, 24.0]",25
customer,c_phone,string,[],15000000
customer,c_acctbal,"decimal(12,2)","[-999.99, -957.08, -913.72, -870.38, -826.96, -783.61, -740.4, -697.08, -653.88, -609.88, -566.91, -523.71, -480.56, -436.83, -393.79, -350.72, -306.7, -263.52, -220.35, -177.11, -133.91, -90.49, -47.55, -3.83, 38.67, 82.31, 125.52, 168.91, 212.26, 255.89, 298.9, 342.4, 385.72, 428.67, 471.83, 514.97, 557.89, 601.46, 644.79, 687.53, 730.95, 774.08, 817.38, 860.24, 903.42, 946.54, 990.08, 1033.48, 1076.53, 1120.2, 1162.91, 1206.25, 1249.62, 1292.6, 1335.95, 1379.17, 1422.85, 1465.57, 1509.15, 1552.45, 1595.63, 1639.53, 1682.63, 1725.79, 1768.94, 1811.97, 1855.24, 1898.86, 1942.37, 1985.83, 2028.84, 2072.1, 2114.83, 2158.58, 2201.75, 2244.83, 2288.39, 2331.79, 2375.37, 2418.84, 2462.07, 2505.16, 2548.62, 2592.51, 2635.6, 2679.1, 2722.2, 2766.16, 2809.08, 2852.38, 2896.06, 2939.22, 2982.53, 3025.44, 3068.95, 3112.03, 3155.0, 3198.36, 3241.77, 3284.7, 3328.27, 3371.76, 3415.22, 3458.37, 3501.71, 3545.11, 3588.64, 3631.73, 3674.78, 3718.36, 3761.38, 3804.69, 3847.79, 3891.28, 3934.33, 3977.63, 4021.02, 4063.94, 4107.11, 4150.45, 4194.13, 4237.43, 4280.87, 4323.81, 4366.92, 4410.7, 4453.76, 4497.22, 4540.44, 4584.37, 4627.38, 4670.78, 4714.23, 4757.67, 4800.64, 4844.21, 4887.17, 4930.68, 4973.95, 5017.0, 5060.62, 5103.93, 5147.79, 5190.25, 5234.06, 5276.46, 5320.02, 5363.25, 5406.87, 5450.51, 5493.81, 5537.03, 5580.49, 5624.21, 5667.27, 5710.62, 5754.19, 5797.76, 5840.4, 5884.56, 5927.53, 5971.01, 6014.23, 6057.41, 6100.55, 6143.89, 6187.33, 6230.68, 6273.68, 6317.21, 6360.17, 6403.61, 6446.87, 6490.79, 6534.29, 6577.27, 6620.3, 6663.53, 6706.77, 6750.08, 6793.3, 6836.48, 6880.24, 6923.38, 6966.87, 7010.6, 7054.25, 7097.33, 7140.9, 7184.3, 7227.66, 7270.2, 7313.74, 7356.73, 7400.42, 7443.17, 7486.09, 7529.87, 7572.88, 7616.3, 7659.81, 7702.94, 7746.45, 7789.58, 7832.72, 7876.05, 7919.73, 7962.4, 8005.73, 8049.21, 8092.42, 8135.89, 8179.23, 8222.5, 8265.44, 8308.59, 8352.16, 8395.72, 8438.88, 8482.02, 8525.27, 8568.32, 8611.64, 8655.41, 8698.54, 8741.92, 8785.73, 8829.0, 8872.45, 8915.87, 8959.14, 9002.69, 9046.69, 9089.72, 9132.97, 9176.37, 9219.28, 9263.06, 9306.1, 9349.53, 9392.88, 9436.32, 9479.6, 9523.34, 9566.42, 9609.49, 9652.88, 9696.39, 9739.68, 9783.07, 9826.37, 9869.85, 9913.39, 9956.73, 9999.99]",1016944
customer,c_comment,string,[],14563369
customer,c_mktsegment,string,[],5
lineitem,l_orderkey,bigint,"[1.0, 2349349.0, 4710976.0, 7076641.0, 9434083.0, 1.1797664E7, 1.4163457E7, 1.6526208E7, 1.8888614E7, 2.1252679E7, 2.3614852E7, 2.597751E7, 2.8333063E7, 3.069719E7, 3.3061317E7, 3.5423463E7, 3.7784322E7, 4.0152835E7, 4.2515299E7, 4.4881124E7, 4.7244581E7, 4.961021E7, 5.1970305E7, 5.4333923E7, 5.6701062E7, 5.9063298E7, 6.1421824E7, 6.3783938E7, 6.6141958E7, 6.8510084E7, 7.0870497E7, 7.3233957E7, 7.5595042E7, 7.7956096E7, 8.031488E7, 8.2680099E7, 8.5042852E7, 8.7408262E7, 8.9769251E7, 9.2128673E7, 9.449309E7, 9.6855143E7, 9.9216608E7, 1.01580961E8, 1.03941766E8, 1.0630442E8, 1.08667361E8, 1.11029094E8, 1.13386242E8, 1.15749826E8, 1.1810634E8, 1.20469893E8, 1.2282967E8, 1.25189153E8, 1.27552324E8, 1.29916711E8, 1.32280964E8, 1.34643712E8, 1.37001378E8, 1.39365794E8, 1.4172759E8, 1.44088257E8, 1.46454214E8, 1.48813541E8, 1.51176868E8, 1.53540741E8, 1.55907427E8, 1.58264038E8, 1.60629154E8, 1.62990341E8, 1.65349923E8, 1.67712518E8, 1.70078018E8, 1.72439237E8, 1.74804388E8, 1.77165316E8, 1.79523526E8, 1.818904E8, 1.84248896E8, 1.86610337E8, 1.8897213E8, 1.91336835E8, 1.93699365E8, 1.96062242E8, 1.98424422E8, 2.00786661E8, 2.03146307E8, 2.05506503E8, 2.07864129E8, 2.10226086E8, 2.12588802E8, 2.14951236E8, 2.17312967E8, 2.19674181E8, 2.22036774E8, 2.24402821E8, 2.26762433E8, 2.29121764E8, 2.31485889E8, 2.33847971E8, 2.36209638E8, 2.38574435E8, 2.40935238E8, 2.43295908E8, 2.45657186E8, 2.4802173E8, 2.50385891E8, 2.52749185E8, 2.55113763E8, 2.57475008E8, 2.59832421E8, 2.62198114E8, 2.64557253E8, 2.6691879E8, 2.69282246E8, 2.71649089E8, 2.7400727E8, 2.76369281E8, 2.78732098E8, 2.81094119E8, 2.83454336E8, 2.858176E8, 2.88179941E8, 2.90544967E8, 2.92906178E8, 2.95272484E8, 2.97635621E8, 2.99998498E8, 3.02360482E8, 3.04720773E8, 3.07083362E8, 3.09442309E8, 3.11805158E8, 3.1416768E8, 3.16533383E8, 3.1889597E8, 3.21255303E8, 3.23620103E8, 3.25982565E8, 3.28345987E8, 3.30701538E8, 3.33069664E8, 3.35435654E8, 3.37795107E8, 3.40157348E8, 3.4251568E8, 3.44879461E8, 3.47242401E8, 3.49602118E8, 3.51969346E8, 3.5433127E8, 3.56693958E8, 3.59052193E8, 3.61412672E8, 3.63774948E8, 3.66141252E8, 3.68502625E8, 3.70859782E8, 3.73226048E8, 3.75585031E8, 3.77947619E8, 3.80310566E8, 3.82667207E8, 3.85031587E8, 3.87394917E8, 3.89759941E8, 3.92118625E8, 3.94476263E8, 3.96842977E8, 3.99203012E8, 4.01563491E8, 4.03926721E8, 4.06288613E8, 4.08650368E8, 4.11013253E8, 4.13378336E8, 4.15746054E8, 4.18102212E8, 4.20466052E8, 4.22829158E8, 4.25186657E8, 4.27549186E8, 4.29910599E8, 4.32274595E8, 4.34634816E8, 4.36997799E8, 4.3936074E8, 4.41725703E8, 4.44090145E8, 4.46447395E8, 4.4880976E8, 4.51172705E8, 4.53535364E8, 4.55895655E8, 4.58257318E8, 4.60624193E8, 4.62984133E8, 4.65343232E8, 4.67706244E8, 4.70072069E8, 4.72433251E8, 4.74796327E8, 4.77155808E8, 4.79517702E8, 4.81880646E8, 4.84241312E8, 4.86607942E8, 4.88968551E8, 4.91324768E8, 4.93690087E8, 4.96050976E8, 4.98414049E8, 5.00779107E8, 5.03138212E8, 5.05499559E8, 5.07860838E8, 5.10223843E8, 5.1259079E8, 5.14952068E8, 5.17316005E8, 5.19679395E8, 5.2203661E8, 5.24398791E8, 5.26762787E8, 5.29121668E8, 5.31486052E8, 5.3385111E8, 5.36207106E8, 5.38568998E8, 5.40934308E8, 5.43299265E8, 5.45654499E8, 5.48014951E8, 5.50383045E8, 5.52744032E8, 5.55105478E8, 5.57470599E8, 5.5982832E8, 5.62194726E8, 5.64552358E8, 5.66915972E8, 5.69276065E8, 5.71635074E8, 5.73997057E8, 5.76362017E8, 5.78724128E8, 5.81087552E8, 5.83449316E8, 5.85813989E8, 5.8817709E8, 5.90535847E8, 5.9289591E8, 5.95263938E8, 5.97625344E8, 6.0E8]",152595417
lineitem,l_partkey,bigint,"[1.0, 78359.0, 157116.0, 235814.0, 314566.0, 393087.0, 471925.0, 550722.0, 629412.0, 708190.0, 787026.0, 865746.0, 944421.0, 1023200.0, 1101958.0, 1180568.0, 1259404.0, 1338105.0, 1416909.0, 1495591.0, 1574370.0, 1653047.0, 1731892.0, 1810690.0, 1889326.0, 1968087.0, 2046893.0, 2125802.0, 2204394.0, 2283171.0, 2361875.0, 2440509.0, 2519374.0, 2597920.0, 2676744.0, 2755461.0, 2834199.0, 2913009.0, 2991756.0, 3070554.0, 3149305.0, 3228165.0, 3306835.0, 3385472.0, 3464234.0, 3543064.0, 3621656.0, 3700492.0, 3779099.0, 3857731.0, 3936479.0, 4015469.0, 4094160.0, 4172943.0, 4251624.0, 4330307.0, 4409098.0, 4487732.0, 4566584.0, 4645368.0, 4724153.0, 4802851.0, 4881713.0, 4960436.0, 5039197.0, 5117949.0, 5196614.0, 5275434.0, 5354067.0, 5432929.0, 5511631.0, 5590311.0, 5668851.0, 5747693.0, 5826339.0, 5905052.0, 5983798.0, 6062730.0, 6141251.0, 6220100.0, 6298781.0, 6377509.0, 6456193.0, 6534885.0, 6613629.0, 6692409.0, 6771235.0, 6849867.0, 6928500.0, 7007313.0, 7086084.0, 7164727.0, 7243597.0, 7322261.0, 7401090.0, 7479770.0, 7558487.0, 7637132.0, 7715949.0, 7794773.0, 7873442.0, 7952081.0, 8030976.0, 8109545.0, 8188399.0, 8267294.0, 8345957.0, 8424577.0, 8503390.0, 8581942.0, 8660682.0, 8739546.0, 8818170.0, 8896823.0, 8975532.0, 9054321.0, 9133043.0, 9211737.0, 9290680.0, 9369355.0, 9448091.0, 9526925.0, 9605650.0, 9684446.0, 9763224.0, 9841980.0, 9920808.0, 9999578.0, 1.0078276E7, 1.0157041E7, 1.0235722E7, 1.0314399E7, 1.0393122E7, 1.0471843E7, 1.0550702E7, 1.0629377E7, 1.0708143E7, 1.0786837E7, 1.0865638E7, 1.0944316E7, 1.1023081E7, 1.1101766E7, 1.1180545E7, 1.1259317E7, 1.1338007E7, 1.1416759E7, 1.1495615E7, 1.1574214E7, 1.1653052E7, 1.1731781E7, 1.1810568E7, 1.1889289E7, 1.1967952E7, 1.2046802E7, 1.2125383E7, 1.2204199E7, 1.2282871E7, 1.2361638E7, 1.2440272E7, 1.2518988E7, 1.2597771E7, 1.2676541E7, 1.2755338E7, 1.2834068E7, 1.2912961E7, 1.2991497E7, 1.3070212E7, 1.3149205E7, 1.322793E7, 1.3306835E7, 1.3385438E7, 1.3464104E7, 1.3542971E7, 1.3621827E7, 1.3700504E7, 1.3779214E7, 1.3857973E7, 1.3936782E7, 1.4015533E7, 1.4094205E7, 1.4172882E7, 1.4251644E7, 1.4330461E7, 1.440936E7, 1.4488089E7, 1.4566771E7, 1.4645508E7, 1.4724258E7, 1.4803011E7, 1.4881778E7, 1.4960574E7, 1.5039196E7, 1.5118013E7, 1.519674E7, 1.5275509E7, 1.5354228E7, 1.5432957E7, 1.5511603E7, 1.5590386E7, 1.566905E7, 1.5747741E7, 1.5826557E7, 1.5905196E7, 1.598403E7, 1.6062825E7, 1.61414E7, 1.622019E7, 1.6298742E7, 1.6377597E7, 1.6456348E7, 1.653517E7, 1.6613869E7, 1.6692644E7, 1.6771344E7, 1.6850011E7, 1.6928834E7, 1.7007522E7, 1.7086254E7, 1.7165012E7, 1.7243893E7, 1.7322425E7, 1.7401131E7, 1.7479956E7, 1.7558687E7, 1.7637523E7, 1.7716276E7, 1.7795084E7, 1.787383E7, 1.7952618E7, 1.8031094E7, 1.8110221E7, 1.8188719E7, 1.8267453E7, 1.8346187E7, 1.8424915E7, 1.85038E7, 1.8582481E7, 1.8661178E7, 1.8739809E7, 1.8818504E7, 1.8897197E7, 1.8976044E7, 1.9054732E7, 1.9133591E7, 1.9212197E7, 1.9290865E7, 1.9369644E7, 1.9448253E7, 1.9526969E7, 1.9605733E7, 1.9684421E7, 1.9763214E7, 1.9841961E7, 1.9920687E7, 2.0E7]",18615082
lineitem,l_suppkey,bigint,"[1.0, 3918.0, 7850.0, 11793.0, 15724.0, 19670.0, 23604.0, 27540.0, 31476.0, 35414.0, 39350.0, 43278.0, 47212.0, 51152.0, 55092.0, 59027.0, 62962.0, 66901.0, 70832.0, 74781.0, 78709.0, 82652.0, 86595.0, 90524.0, 94467.0, 98402.0, 102335.0, 106273.0, 110206.0, 114141.0, 118085.0, 122018.0, 125952.0, 129893.0, 133833.0, 137772.0, 141716.0, 145652.0, 149584.0, 153530.0, 157459.0, 161401.0, 165341.0, 169277.0, 173218.0, 177155.0, 181087.0, 185024.0, 188960.0, 192894.0, 196827.0, 200766.0, 204702.0, 208647.0, 212580.0, 216514.0, 220455.0, 224385.0, 228323.0, 232262.0, 236196.0, 240136.0, 244079.0, 248017.0, 251955.0, 255887.0, 259831.0, 263757.0, 267694.0, 271641.0, 275580.0, 279513.0, 283445.0, 287379.0, 291322.0, 295254.0, 299196.0, 303134.0, 307065.0, 311011.0, 314936.0, 318876.0, 322810.0, 326743.0, 330682.0, 334622.0, 338559.0, 342490.0, 346439.0, 350375.0, 354309.0, 358244.0, 362177.0, 366125.0, 370051.0, 373990.0, 377924.0, 381862.0, 385795.0, 389735.0, 393671.0, 397613.0, 401544.0, 405483.0, 409415.0, 413358.0, 417293.0, 421223.0, 425170.0, 429099.0, 433041.0, 436983.0, 440924.0, 444860.0, 448803.0, 452740.0, 456675.0, 460617.0, 464554.0, 468490.0, 472421.0, 476367.0, 480298.0, 484236.0, 488176.0, 492106.0, 496049.0, 499989.0, 503928.0, 507862.0, 511802.0, 515734.0, 519667.0, 523607.0, 527541.0, 531478.0, 535424.0, 539352.0, 543289.0, 547232.0, 551165.0, 555105.0, 559040.0, 562978.0, 566917.0, 570845.0, 574779.0, 578724.0, 582663.0, 586591.0, 590536.0, 594471.0, 598406.0, 602349.0, 606281.0, 610224.0, 614156.0, 618090.0, 622021.0, 625965.0, 629904.0, 633840.0, 637782.0, 641713.0, 645660.0, 649590.0, 653520.0, 657469.0, 661399.0, 665340.0, 669271.0, 673201.0, 677141.0, 681081.0, 685014.0, 688954.0, 692888.0, 696824.0, 700756.0, 704687.0, 708633.0, 712569.0, 716503.0, 720443.0, 724375.0, 728320.0, 732256.0, 736192.0, 740134.0, 744066.0, 748009.0, 751946.0, 755883.0, 759827.0, 763761.0, 767702.0, 771637.0, 775573.0, 779508.0, 783452.0, 787384.0, 791324.0, 795262.0, 799201.0, 803139.0, 807073.0, 811009.0, 814942.0, 818889.0, 822821.0, 826756.0, 830696.0, 834638.0, 838571.0, 842510.0, 846441.0, 850377.0, 854311.0, 858250.0, 862186.0, 866120.0, 870061.0, 873991.0, 877926.0, 881867.0, 885804.0, 889735.0, 893675.0, 897605.0, 901537.0, 905490.0, 909420.0, 913360.0, 917298.0, 921233.0, 925170.0, 929106.0, 933046.0, 936986.0, 940916.0, 944855.0, 948789.0, 952730.0, 956670.0, 960611.0, 964547.0, 968481.0, 972417.0, 976359.0, 980294.0, 984227.0, 988170.0, 992104.0, 996038.0, 1000000.0]",925738
lineitem,l_linenumber,int,"[1.0, 2.0, 3.0, 4.0, 5.0, 6.0, 7.0]",7
lineitem,l_quantity,"decimal(12,2)","[1.0, 2.0, 3.0, 4.0, 5.0, 6.0, 7.0, 8.0, 9.0, 10.0, 11.0, 12.0, 13.0, 14.0, 15.0, 16.0, 17.0, 18.0, 19.0, 20.0, 21.0, 22.0, 23.0, 24.0, 25.0, 26.0, 27.0, 28.0, 29.0, 30.0, 31.0, 32.0, 33.0, 34.0, 35.0, 36.0, 37.0, 38.0, 39.0, 40.0, 41.0, 42.0, 43.0, 44.0, 45.0, 46.0, 47.0, 48.0, 49.0, 50.0]",48
lineitem,l_extendedprice,"decimal(12,2)","[900.05, 1195.18, 1392.15, 1589.04, 1786.01, 1978.22, 2359.42, 2751.24, 3069.78, 3323.55, 3559.68, 3788.97, 4038.88, 4384.0, 4713.12, 5012.72, 5288.55, 5543.58, 5786.25, 6055.4, 6374.88, 6687.3, 6980.24, 7260.64, 7525.44, 7781.35, 8056.44, 8356.25, 8664.66, 8955.54, 9236.34, 9505.52, 9772.96, 10050.9, 10341.17, 10642.4, 10934.52, 11214.0, 11486.37, 11761.7, 12041.44, 12326.96, 12621.9, 12913.65, 13194.5, 13469.8, 13748.6, 14030.2, 14314.58, 14603.04, 14893.36, 15175.86, 15454.8, 15734.68, 16016.42, 16301.44, 16585.68, 16873.35, 17158.05, 17438.77, 17719.83, 18003.15, 18286.18, 18570.06, 18854.27, 19138.86, 19421.85, 19704.32, 19987.0, 20270.1, 20553.17, 20836.32, 21119.98, 21404.04, 21688.26, 21971.04, 22253.7, 22536.56, 22818.32, 23101.47, 23386.8, 23671.57, 23955.2, 24237.64, 24520.44, 24801.27, 25085.12, 25370.64, 25655.4, 25938.72, 26221.86, 26503.0, 26784.66, 27068.58, 27354.0, 27639.22, 27922.8, 28205.94, 28487.42, 28769.18, 29052.24, 29337.44, 29622.6, 29906.58, 30189.3, 30470.46, 30753.2, 31036.58, 31321.0, 31605.91, 31890.24, 32172.63, 32454.47, 32736.82, 33020.12, 33303.96, 33588.2, 33872.63, 34156.06, 34437.9, 34721.0, 35004.86, 35288.5, 35573.04, 35857.0, 36140.37, 36423.4, 36706.23, 36990.1, 37273.7, 37557.32, 37841.3, 38124.9, 38408.1, 38690.73, 38974.5, 39257.28, 39540.48, 39823.86, 40107.34, 40390.92, 40674.25, 40957.48, 41240.32, 41523.65, 41806.96, 42091.0, 42374.52, 42658.0, 42941.34, 43224.39, 43507.88, 43790.95, 44073.96, 44358.08, 44642.22, 44925.3, 45208.8, 45491.88, 45774.72, 46058.09, 46342.08, 46626.5, 46911.42, 47194.98, 47479.64, 47764.78, 48050.64, 48337.6, 48625.92, 48915.24, 49203.52, 49492.35, 49782.06, 50075.2, 50368.24, 50664.24, 50959.72, 51256.26, 51554.69, 51854.44, 52156.48, 52461.16, 52767.55, 53074.84, 53384.64, 53696.54, 54010.99, 54328.5, 54648.49, 54971.24, 55296.12, 55624.29, 55955.84, 56291.48, 56630.7, 56973.4, 57319.66, 57668.96, 58022.58, 58380.67, 58742.68, 59108.61, 59478.72, 59852.4, 60231.39, 60615.62, 61004.0, 61397.91, 61796.16, 62199.9, 62609.4, 63024.78, 63445.92, 63872.9, 64306.0, 64745.79, 65193.5, 65647.68, 66109.26, 66577.44, 67054.42, 67540.9, 68035.88, 68538.43, 69051.62, 69577.17, 70111.8, 70655.71, 71214.9, 71786.49, 72370.4, 72968.0, 73584.4, 74214.72, 74864.68, 75532.66, 76221.45, 76934.3, 77673.61, 78439.2, 79235.94, 80066.85, 80937.22, 81850.5, 82818.4, 83845.44, 84949.12, 86137.84, 87440.21, 88896.5, 90570.0, 92596.77, 95345.76, 104948.5]",3555939
lineitem,l_discount,"decimal(12,2)","[0.0, 0.01, 0.02, 0.03, 0.04, 0.05, 0.06, 0.07, 0.08, 0.09, 0.1]",11
lineitem,l_tax,"decimal(12,2)","[0.0, 0.01, 0.02, 0.03, 0.04, 0.05, 0.06, 0.07, 0.08]",9
lineitem,l_returnflag,string,[],3
lineitem,l_linestatus,string,[],2
lineitem,l_commitdate,date,"[1992-01-31, 1992-03-04, 1992-03-18, 1992-03-29, 1992-04-07, 1992-04-17, 1992-04-26, 1992-05-06, 1992-05-15, 1992-05-25, 1992-06-03, 1992-06-13, 1992-06-22, 1992-07-02, 1992-07-11, 1992-07-20, 1992-07-30, 1992-08-08, 1992-08-18, 1992-08-27, 1992-09-06, 1992-09-15, 1992-09-25, 1992-10-04, 1992-10-14, 1992-10-23, 1992-11-02, 1992-11-11, 1992-11-21, 1992-11-30, 1992-12-10, 1992-12-19, 1992-12-29, 1993-01-07, 1993-01-17, 1993-01-26, 1993-02-05, 1993-02-14, 1993-02-23, 1993-03-05, 1993-03-14, 1993-03-24, 1993-04-02, 1993-04-12, 1993-04-21, 1993-05-01, 1993-05-10, 1993-05-20, 1993-05-29, 1993-06-08, 1993-06-17, 1993-06-27, 1993-07-06, 1993-07-16, 1993-07-25, 1993-08-03, 1993-08-13, 1993-08-22, 1993-09-01, 1993-09-10, 1993-09-20, 1993-09-29, 1993-10-09, 1993-10-18, 1993-10-28, 1993-11-06, 1993-11-16, 1993-11-25, 1993-12-05, 1993-12-14, 1993-12-24, 1994-01-02, 1994-01-12, 1994-01-21, 1994-01-31, 1994-02-09, 1994-02-19, 1994-02-28, 1994-03-09, 1994-03-19, 1994-03-28, 1994-04-07, 1994-04-16, 1994-04-26, 1994-05-05, 1994-05-15, 1994-05-24, 1994-06-03, 1994-06-12, 1994-06-22, 1994-07-01, 1994-07-11, 1994-07-20, 1994-07-30, 1994-08-08, 1994-08-17, 1994-08-27, 1994-09-05, 1994-09-15, 1994-09-24, 1994-10-04, 1994-10-13, 1994-10-23, 1994-11-01, 1994-11-11, 1994-11-20, 1994-11-30, 1994-12-09, 1994-12-19, 1994-12-28, 1995-01-07, 1995-01-16, 1995-01-26, 1995-02-04, 1995-02-13, 1995-02-23, 1995-03-04, 1995-03-14, 1995-03-23, 1995-04-02, 1995-04-11, 1995-04-21, 1995-04-30, 1995-05-10, 1995-05-19, 1995-05-29, 1995-06-07, 1995-06-17, 1995-06-26, 1995-07-06, 1995-07-15, 1995-07-24, 1995-08-03, 1995-08-12, 1995-08-22, 1995-08-31, 1995-09-10, 1995-09-19, 1995-09-29, 1995-10-08, 1995-10-18, 1995-10-27, 1995-11-06, 1995-11-15, 1995-11-25, 1995-12-04, 1995-12-14, 1995-12-23, 1996-01-02, 1996-01-11, 1996-01-20, 1996-01-30, 1996-02-08, 1996-02-18, 1996-02-27, 1996-03-08, 1996-03-17, 1996-03-27, 1996-04-05, 1996-04-15, 1996-04-24, 1996-05-04, 1996-05-13, 1996-05-23, 1996-06-01, 1996-06-11, 1996-06-20, 1996-06-29, 1996-07-09, 1996-07-18, 1996-07-28, 1996-08-06, 1996-08-16, 1996-08-25, 1996-09-04, 1996-09-13, 1996-09-23, 1996-10-02, 1996-10-12, 1996-10-21, 1996-10-31, 1996-11-09, 1996-11-19, 1996-11-28, 1996-12-08, 1996-12-17, 1996-12-26, 1997-01-05, 1997-01-14, 1997-01-24, 1997-02-02, 1997-02-12, 1997-02-21, 1997-03-03, 1997-03-12, 1997-03-22, 1997-03-31, 1997-04-10, 1997-04-19, 1997-04-29, 1997-05-08, 1997-05-17, 1997-05-27, 1997-06-05, 1997-06-15, 1997-06-24, 1997-07-04, 1997-07-13, 1997-07-23, 1997-08-01, 1997-08-11, 1997-08-20, 1997-08-30, 1997-09-08, 1997-09-18, 1997-09-27, 1997-10-07, 1997-10-16, 1997-10-25, 1997-11-04, 1997-11-13, 1997-11-23, 1997-12-02, 1997-12-12, 1997-12-21, 1997-12-31, 1998-01-09, 1998-01-19, 1998-01-28, 1998-02-07, 1998-02-16, 1998-02-26, 1998-03-07, 1998-03-16, 1998-03-26, 1998-04-04, 1998-04-14, 1998-04-23, 1998-05-03, 1998-05-12, 1998-05-22, 1998-05-31, 1998-06-10, 1998-06-19, 1998-06-29, 1998-07-08, 1998-07-18, 1998-07-27, 1998-08-06, 1998-08-15, 1998-08-24, 1998-09-03, 1998-09-14, 1998-09-28, 1998-10-31]",2615
lineitem,l_receiptdate,date,"[1992-01-03, 1992-03-04, 1992-03-23, 1992-04-08, 1992-04-21, 1992-05-02, 1992-05-12, 1992-05-22, 1992-06-01, 1992-06-10, 1992-06-20, 1992-06-29, 1992-07-09, 1992-07-18, 1992-07-27, 1992-08-06, 1992-08-15, 1992-08-25, 1992-09-03, 1992-09-13, 1992-09-22, 1992-10-02, 1992-10-11, 1992-10-21, 1992-10-30, 1992-11-09, 1992-11-18, 1992-11-28, 1992-12-07, 1992-12-17, 1992-12-26, 1993-01-05, 1993-01-14, 1993-01-24, 1993-02-02, 1993-02-12, 1993-02-21, 1993-03-02, 1993-03-12, 1993-03-21, 1993-03-31, 1993-04-09, 1993-04-19, 1993-04-28, 1993-05-08, 1993-05-17, 1993-05-27, 1993-06-05, 1993-06-15, 1993-06-24, 1993-07-04, 1993-07-13, 1993-07-23, 1993-08-01, 1993-08-11, 1993-08-20, 1993-08-29, 1993-09-08, 1993-09-17, 1993-09-27, 1993-10-06, 1993-10-16, 1993-10-25, 1993-11-04, 1993-11-13, 1993-11-23, 1993-12-02, 1993-12-12, 1993-12-21, 1993-12-31, 1994-01-09, 1994-01-19, 1994-01-28, 1994-02-07, 1994-02-16, 1994-02-26, 1994-03-07, 1994-03-17, 1994-03-26, 1994-04-04, 1994-04-14, 1994-04-23, 1994-05-03, 1994-05-12, 1994-05-22, 1994-05-31, 1994-06-10, 1994-06-19, 1994-06-29, 1994-07-08, 1994-07-18, 1994-07-27, 1994-08-06, 1994-08-15, 1994-08-25, 1994-09-03, 1994-09-12, 1994-09-22, 1994-10-01, 1994-10-11, 1994-10-20, 1994-10-30, 1994-11-08, 1994-11-18, 1994-11-27, 1994-12-07, 1994-12-16, 1994-12-26, 1995-01-04, 1995-01-14, 1995-01-23, 1995-02-02, 1995-02-11, 1995-02-20, 1995-03-02, 1995-03-11, 1995-03-21, 1995-03-30, 1995-04-09, 1995-04-18, 1995-04-28, 1995-05-07, 1995-05-17, 1995-05-26, 1995-06-05, 1995-06-14, 1995-06-24, 1995-07-03, 1995-07-13, 1995-07-22, 1995-07-31, 1995-08-10, 1995-08-19, 1995-08-29, 1995-09-07, 1995-09-17, 1995-09-26, 1995-10-06, 1995-10-15, 1995-10-25, 1995-11-03, 1995-11-13, 1995-11-22, 1995-12-02, 1995-12-11, 1995-12-21, 1995-12-30, 1996-01-09, 1996-01-18, 1996-01-27, 1996-02-06, 1996-02-15, 1996-02-25, 1996-03-05, 1996-03-15, 1996-03-24, 1996-04-03, 1996-04-12, 1996-04-22, 1996-05-01, 1996-05-11, 1996-05-20, 1996-05-30, 1996-06-08, 1996-06-18, 1996-06-27, 1996-07-07, 1996-07-16, 1996-07-25, 1996-08-04, 1996-08-13, 1996-08-23, 1996-09-01, 1996-09-11, 1996-09-20, 1996-09-30, 1996-10-09, 1996-10-19, 1996-10-28, 1996-11-07, 1996-11-16, 1996-11-26, 1996-12-05, 1996-12-15, 1996-12-24, 1997-01-03, 1997-01-12, 1997-01-21, 1997-01-31, 1997-02-09, 1997-02-19, 1997-02-28, 1997-03-10, 1997-03-19, 1997-03-29, 1997-04-07, 1997-04-17, 1997-04-26, 1997-05-06, 1997-05-15, 1997-05-24, 1997-06-03, 1997-06-12, 1997-06-22, 1997-07-01, 1997-07-11, 1997-07-20, 1997-07-30, 1997-08-08, 1997-08-18, 1997-08-27, 1997-09-06, 1997-09-15, 1997-09-25, 1997-10-04, 1997-10-14, 1997-10-23, 1997-11-01, 1997-11-11, 1997-11-20, 1997-11-30, 1997-12-09, 1997-12-19, 1997-12-28, 1998-01-07, 1998-01-16, 1998-01-26, 1998-02-04, 1998-02-14, 1998-02-23, 1998-03-05, 1998-03-14, 1998-03-23, 1998-04-02, 1998-04-11, 1998-04-21, 1998-04-30, 1998-05-10, 1998-05-19, 1998-05-29, 1998-06-07, 1998-06-17, 1998-06-26, 1998-07-06, 1998-07-15, 1998-07-25, 1998-08-03, 1998-08-13, 1998-08-22, 1998-09-02, 1998-09-13, 1998-09-26, 1998-10-11, 1998-10-31, 1998-12-31]",2721
lineitem,l_shipinstruct,string,[],4
lineitem,l_shipmode,string,[],7
lineitem,l_comment,string,[],149815087
lineitem,l_shipdate,date,"[1992-01-02, 1992-02-18, 1992-03-09, 1992-03-24, 1992-04-06, 1992-04-17, 1992-04-27, 1992-05-07, 1992-05-16, 1992-05-26, 1992-06-04, 1992-06-14, 1992-06-23, 1992-07-03, 1992-07-12, 1992-07-22, 1992-07-31, 1992-08-09, 1992-08-19, 1992-08-28, 1992-09-07, 1992-09-16, 1992-09-26, 1992-10-05, 1992-10-15, 1992-10-24, 1992-11-03, 1992-11-12, 1992-11-22, 1992-12-01, 1992-12-11, 1992-12-20, 1992-12-30, 1993-01-08, 1993-01-18, 1993-01-27, 1993-02-06, 1993-02-15, 1993-02-25, 1993-03-06, 1993-03-15, 1993-03-25, 1993-04-03, 1993-04-13, 1993-04-22, 1993-05-02, 1993-05-11, 1993-05-21, 1993-05-30, 1993-06-09, 1993-06-18, 1993-06-28, 1993-07-07, 1993-07-17, 1993-07-26, 1993-08-04, 1993-08-14, 1993-08-23, 1993-09-02, 1993-09-11, 1993-09-21, 1993-09-30, 1993-10-10, 1993-10-19, 1993-10-29, 1993-11-07, 1993-11-17, 1993-11-26, 1993-12-06, 1993-12-15, 1993-12-25, 1994-01-03, 1994-01-13, 1994-01-22, 1994-02-01, 1994-02-10, 1994-02-20, 1994-03-01, 1994-03-10, 1994-03-20, 1994-03-29, 1994-04-08, 1994-04-17, 1994-04-27, 1994-05-06, 1994-05-16, 1994-05-25, 1994-06-04, 1994-06-13, 1994-06-23, 1994-07-02, 1994-07-12, 1994-07-21, 1994-07-31, 1994-08-09, 1994-08-18, 1994-08-28, 1994-09-06, 1994-09-16, 1994-09-25, 1994-10-05, 1994-10-14, 1994-10-24, 1994-11-02, 1994-11-12, 1994-11-21, 1994-12-01, 1994-12-10, 1994-12-20, 1994-12-29, 1995-01-08, 1995-01-17, 1995-01-27, 1995-02-05, 1995-02-14, 1995-02-24, 1995-03-05, 1995-03-15, 1995-03-24, 1995-04-03, 1995-04-12, 1995-04-22, 1995-05-01, 1995-05-11, 1995-05-20, 1995-05-30, 1995-06-08, 1995-06-18, 1995-06-27, 1995-07-07, 1995-07-16, 1995-07-25, 1995-08-04, 1995-08-13, 1995-08-23, 1995-09-01, 1995-09-11, 1995-09-20, 1995-09-30, 1995-10-09, 1995-10-19, 1995-10-28, 1995-11-07, 1995-11-16, 1995-11-26, 1995-12-05, 1995-12-15, 1995-12-24, 1996-01-03, 1996-01-12, 1996-01-21, 1996-01-31, 1996-02-09, 1996-02-19, 1996-02-28, 1996-03-09, 1996-03-18, 1996-03-28, 1996-04-06, 1996-04-16, 1996-04-25, 1996-05-05, 1996-05-14, 1996-05-24, 1996-06-02, 1996-06-12, 1996-06-21, 1996-06-30, 1996-07-10, 1996-07-19, 1996-07-29, 1996-08-07, 1996-08-17, 1996-08-26, 1996-09-05, 1996-09-14, 1996-09-24, 1996-10-03, 1996-10-13, 1996-10-22, 1996-11-01, 1996-11-10, 1996-11-20, 1996-11-29, 1996-12-09, 1996-12-18, 1996-12-28, 1997-01-06, 1997-01-15, 1997-01-25, 1997-02-03, 1997-02-13, 1997-02-22, 1997-03-04, 1997-03-13, 1997-03-23, 1997-04-01, 1997-04-11, 1997-04-20, 1997-04-30, 1997-05-09, 1997-05-18, 1997-05-28, 1997-06-06, 1997-06-16, 1997-06-25, 1997-07-05, 1997-07-14, 1997-07-24, 1997-08-02, 1997-08-12, 1997-08-21, 1997-08-31, 1997-09-09, 1997-09-19, 1997-09-28, 1997-10-08, 1997-10-17, 1997-10-26, 1997-11-05, 1997-11-14, 1997-11-24, 1997-12-03, 1997-12-13, 1997-12-22, 1998-01-01, 1998-01-10, 1998-01-20, 1998-01-29, 1998-02-08, 1998-02-17, 1998-02-26, 1998-03-08, 1998-03-18, 1998-03-27, 1998-04-05, 1998-04-15, 1998-04-24, 1998-05-04, 1998-05-13, 1998-05-23, 1998-06-01, 1998-06-11, 1998-06-20, 1998-06-30, 1998-07-09, 1998-07-19, 1998-07-28, 1998-08-07, 1998-08-17, 1998-08-28, 1998-09-10, 1998-09-25, 1998-10-15, 1998-12-01]",2676
nation,n_nationkey,bigint,"[0.0, 1.0, 2.0, 3.0, 4.0, 5.0, 6.0, 7.0, 8.0, 9.0, 10.0, 11.0, 12.0, 13.0, 14.0, 15.0, 16.0, 17.0, 18.0, 19.0, 20.0, 21.0, 22.0, 23.0, 24.0]",25
nation,n_name,string,[],25
nation,n_regionkey,bigint,"[0.0, 1.0, 2.0, 3.0, 4.0]",5
nation,n_comment,string,[],24
orders,o_orderkey,bigint,"[1.0, 2350627.0, 4713088.0, 7072582.0, 9433155.0, 1.1800165E7, 1.4162787E7, 1.6521286E7, 1.8886215E7, 2.1246567E7, 2.3611238E7, 2.5970627E7, 2.8336582E7, 3.0693538E7, 3.3061223E7, 3.5418469E7, 3.7779904E7, 4.014583E7, 4.2508998E7, 4.4864034E7, 4.7231878E7, 4.9593409E7, 5.1956837E7, 5.4320069E7, 5.667933E7, 5.9043204E7, 6.1406497E7, 6.3768864E7, 6.6126306E7, 6.8491907E7, 7.0855044E7, 7.3212514E7, 7.5576198E7, 7.7934241E7, 8.029978E7, 8.2662275E7, 8.5024099E7, 8.7390401E7, 8.9747975E7, 9.2113346E7, 9.4473314E7, 9.6836548E7, 9.9196132E7, 1.01560033E8, 1.03929351E8, 1.06281762E8, 1.08643559E8, 1.1101114E8, 1.13370179E8, 1.15731329E8, 1.18095653E8, 1.20454723E8, 1.22821446E8, 1.25182596E8, 1.27547618E8, 1.2990877E8, 1.32268384E8, 1.34630821E8, 1.36993123E8, 1.3935424E8, 1.41722946E8, 1.44087299E8, 1.46441796E8, 1.48806787E8, 1.51165347E8, 1.53531558E8, 1.55892165E8, 1.58252455E8, 1.60613955E8, 1.62977539E8, 1.65338503E8, 1.67699939E8, 1.70066854E8, 1.72426306E8, 1.74788422E8, 1.77152965E8, 1.79513314E8, 1.81874439E8, 1.8423965E8, 1.86596866E8, 1.88960517E8, 1.91322339E8, 1.93689412E8, 1.96051398E8, 1.98412359E8, 2.00773824E8, 2.03131621E8, 2.05503808E8, 2.07861827E8, 2.10222118E8, 2.12586881E8, 2.14947237E8, 2.17309282E8, 2.19668992E8, 2.22034439E8, 2.24394882E8, 2.26758848E8, 2.29121856E8, 2.31484293E8, 2.33843105E8, 2.36210656E8, 2.38571425E8, 2.40929697E8, 2.43295172E8, 2.4565594E8, 2.48010914E8, 2.50378085E8, 2.52737476E8, 2.55100803E8, 2.57469731E8, 2.59822529E8, 2.62190439E8, 2.64555712E8, 2.66914947E8, 2.69276065E8, 2.71641443E8, 2.74003107E8, 2.76367043E8, 2.78728513E8, 2.81087303E8, 2.83453988E8, 2.85813511E8, 2.88172999E8, 2.90538023E8, 2.92896962E8, 2.95262727E8, 2.97627363E8, 2.99983553E8, 3.0234602E8, 3.04710595E8, 3.07068226E8, 3.09435783E8, 3.11789413E8, 3.14163012E8, 3.16518849E8, 3.18881924E8, 3.21244289E8, 3.23605666E8, 3.25972771E8, 3.28334018E8, 3.30693478E8, 3.33053285E8, 3.35417222E8, 3.37780709E8, 3.40149027E8, 3.42505475E8, 3.44868481E8, 3.47227843E8, 3.49591202E8, 3.51955459E8, 3.54317762E8, 3.56677988E8, 3.59041254E8, 3.61405124E8, 3.63767527E8, 3.66121702E8, 3.68489474E8, 3.70851746E8, 3.73215875E8, 3.75571046E8, 3.77935075E8, 3.80298405E8, 3.82663751E8, 3.85020261E8, 3.87391908E8, 3.89748711E8, 3.92112322E8, 3.94472551E8, 3.96834755E8, 3.99197473E8, 4.01562432E8, 4.03918561E8, 4.06284839E8, 4.08649924E8, 4.11005441E8, 4.13370055E8, 4.15734598E8, 4.18091522E8, 4.20458405E8, 4.22817026E8, 4.25182147E8, 4.27548193E8, 4.29902435E8, 4.32266464E8, 4.34632613E8, 4.36995364E8, 4.39351239E8, 4.41717664E8, 4.44080736E8, 4.4644048E8, 4.48801831E8, 4.51166852E8, 4.53524642E8, 4.55891552E8, 4.58246946E8, 4.6061242E8, 4.62974274E8, 4.65338213E8, 4.67698021E8, 4.70067685E8, 4.72427461E8, 4.74787077E8, 4.77149441E8, 4.79511361E8, 4.81869858E8, 4.84236706E8, 4.86598115E8, 4.88960672E8, 4.91325025E8, 4.93683526E8, 4.96041767E8, 4.98407904E8, 5.0077229E8, 5.03135974E8, 5.05497921E8, 5.07855175E8, 5.10220611E8, 5.12575585E8, 5.1494368E8, 5.1730378E8, 5.19666341E8, 5.22035815E8, 5.24389795E8, 5.26758307E8, 5.29118273E8, 5.31480994E8, 5.33840288E8, 5.36206722E8, 5.38567488E8, 5.40927362E8, 5.43292961E8, 5.45655812E8, 5.48018115E8, 5.50378338E8, 5.52741446E8, 5.55101088E8, 5.57461415E8, 5.59830278E8, 5.62191425E8, 5.64550183E8, 5.66907334E8, 5.69273349E8, 5.71638021E8, 5.74002785E8, 5.76361059E8, 5.78722501E8, 5.81083682E8, 5.83449638E8, 5.85811973E8, 5.88178627E8, 5.90535047E8, 5.92894656E8, 5.95255239E8, 5.97622022E8, 6.0E8]",150000000
orders,o_custkey,bigint,"[1.0, 58748.0, 117736.0, 176806.0, 235922.0, 295031.0, 354244.0, 413258.0, 472333.0, 531553.0, 590482.0, 649663.0, 708652.0, 767749.0, 826936.0, 886163.0, 945116.0, 1004314.0, 1063201.0, 1122299.0, 1181413.0, 1240399.0, 1299517.0, 1358605.0, 1417583.0, 1476436.0, 1535539.0, 1594492.0, 1653779.0, 1712881.0, 1771987.0, 1830922.0, 1890185.0, 1949201.0, 2008337.0, 2067197.0, 2126341.0, 2185502.0, 2244448.0, 2303443.0, 2362441.0, 2421559.0, 2480552.0, 2539558.0, 2598418.0, 2657543.0, 2716502.0, 2775577.0, 2834749.0, 2893750.0, 2952812.0, 3011965.0, 3071089.0, 3130030.0, 3189058.0, 3248089.0, 3307160.0, 3366025.0, 3425279.0, 3484133.0, 3543238.0, 3602411.0, 3661513.0, 3720578.0, 3779603.0, 3838676.0, 3897664.0, 3956798.0, 4015994.0, 4075129.0, 4134073.0, 4193414.0, 4252379.0, 4311514.0, 4370581.0, 4429819.0, 4488886.0, 4548008.0, 4606907.0, 4666039.0, 4725178.0, 4784164.0, 4843213.0, 4902386.0, 4961281.0, 5020453.0, 5079553.0, 5138534.0, 5197541.0, 5256595.0, 5315548.0, 5374444.0, 5433649.0, 5492683.0, 5551825.0, 5610763.0, 5669630.0, 5728742.0, 5787736.0, 5846678.0, 5905937.0, 5965075.0, 6023992.0, 6083059.0, 6142207.0, 6201197.0, 6260240.0, 6319324.0, 6378248.0, 6437365.0, 6496216.0, 6555275.0, 6614443.0, 6673391.0, 6732503.0, 6791476.0, 6850627.0, 6909589.0, 6968741.0, 7027807.0, 7086949.0, 7145863.0, 7204867.0, 7263961.0, 7322977.0, 7382146.0, 7441123.0, 7500142.0, 7559174.0, 7618360.0, 7677373.0, 7736375.0, 7795556.0, 7854548.0, 7913497.0, 7972445.0, 8031413.0, 8090698.0, 8149654.0, 8208811.0, 8267603.0, 8326765.0, 8386003.0, 8444912.0, 8504149.0, 8563124.0, 8622163.0, 8681027.0, 8740153.0, 8799157.0, 8858227.0, 8917579.0, 8976556.0, 9035602.0, 9094675.0, 9153724.0, 9212717.0, 9271828.0, 9330781.0, 9389927.0, 9449015.0, 9507827.0, 9567106.0, 9625873.0, 9685054.0, 9743962.0, 9803081.0, 9862102.0, 9921080.0, 9980185.0, 1.0039295E7, 1.0098448E7, 1.0157638E7, 1.0216537E7, 1.0275656E7, 1.0334803E7, 1.0393924E7, 1.0452874E7, 1.0511914E7, 1.057088E7, 1.0630042E7, 1.0689265E7, 1.074826E7, 1.0807408E7, 1.0866325E7, 1.0925438E7, 1.0984573E7, 1.1043646E7, 1.1102693E7, 1.1161714E7, 1.1220775E7, 1.1279638E7, 1.133872E7, 1.1397604E7, 1.1456759E7, 1.1515678E7, 1.1574754E7, 1.163374E7, 1.1692766E7, 1.1751956E7, 1.181099E7, 1.1870032E7, 1.1929003E7, 1.1988053E7, 1.2046996E7, 1.2106234E7, 1.2165239E7, 1.2224254E7, 1.2283441E7, 1.2342533E7, 1.2401593E7, 1.2460649E7, 1.251974E7, 1.2578731E7, 1.2637768E7, 1.2696874E7, 1.2755896E7, 1.2814858E7, 1.2873781E7, 1.29329E7, 1.2991955E7, 1.3050842E7, 1.3109761E7, 1.3168736E7, 1.3227911E7, 1.328708E7, 1.3346134E7, 1.3405039E7, 1.3463978E7, 1.3523081E7, 1.3582172E7, 1.3641233E7, 1.3700317E7, 1.375934E7, 1.3818478E7, 1.387753E7, 1.3936679E7, 1.3995605E7, 1.4054597E7, 1.4113486E7, 1.4172496E7, 1.4231644E7, 1.4290736E7, 1.4349908E7, 1.4409031E7, 1.4467886E7, 1.452698E7, 1.4586118E7, 1.464511E7, 1.4704121E7, 1.4763413E7, 1.4822203E7, 1.488157E7, 1.4940424E7, 1.4999999E7]",9512023
orders,o_orderstatus,string,[],3
orders,o_totalprice,"decimal(12,2)","[811.73, 2681.76, 4554.99, 6389.24, 8184.92, 9948.3, 11667.45, 13339.06, 14978.65, 16578.12, 18145.45, 19681.47, 21183.05, 22653.09, 24092.34, 25507.55, 26889.6, 28251.52, 29581.68, 30893.46, 32181.56, 33449.01, 34688.31, 35911.36, 37114.69, 38291.31, 39453.03, 40594.51, 41720.95, 42827.47, 43916.08, 44992.22, 46055.46, 47101.76, 48137.26, 49164.03, 50184.0, 51200.01, 52214.3, 53221.79, 54230.97, 55235.77, 56240.53, 57245.75, 58246.79, 59252.44, 60256.56, 61262.67, 62269.48, 63271.82, 64277.36, 65285.98, 66290.01, 67297.51, 68303.91, 69307.89, 70318.05, 71326.28, 72334.64, 73347.44, 74353.03, 75363.52, 76378.54, 77388.88, 78402.37, 79416.59, 80435.21, 81455.36, 82473.9, 83497.11, 84520.26, 85548.15, 86575.23, 87605.96, 88640.08, 89675.87, 90710.57, 91756.03, 92797.72, 93847.79, 94901.66, 95956.07, 97013.66, 98074.38, 99133.33, 100195.07, 101259.8, 102323.07, 103385.28, 104447.28, 105511.01, 106571.01, 107627.18, 108688.82, 109746.15, 110798.59, 111856.47, 112905.01, 113954.95, 115001.17, 116053.01, 117097.46, 118146.4, 119194.08, 120237.08, 121285.97, 122328.96, 123373.72, 124413.32, 125458.86, 126501.57, 127543.97, 128586.5, 129631.9, 130675.59, 131721.68, 132765.45, 133807.69, 134851.78, 135899.48, 136947.99, 137993.55, 139042.99, 140090.96, 141139.06, 142188.77, 143238.78, 144293.77, 145347.36, 146401.99, 147460.82, 148516.07, 149570.53, 150630.32, 151690.62, 152751.6, 153813.86, 154880.26, 155943.16, 157009.45, 158076.29, 159141.65, 160211.44, 161280.62, 162356.02, 163427.85, 164508.94, 165583.9, 166665.51, 167744.74, 168828.16, 169910.43, 170995.76, 172085.13, 173173.21, 174270.94, 175367.6, 176460.63, 177559.95, 178662.25, 179769.7, 180873.28, 181985.75, 183097.48, 184213.39, 185331.21, 186453.27, 187578.74, 188703.16, 189838.95, 190971.69, 192109.52, 193252.48, 194399.09, 195549.81, 196702.23, 197865.55, 199029.85, 200192.99, 201368.94, 202547.71, 203736.88, 204925.42, 206120.88, 207318.82, 208528.11, 209739.62, 210960.6, 212185.33, 213422.22, 214663.3, 215910.61, 217167.86, 218436.41, 219709.12, 220991.23, 222284.3, 223583.37, 224894.4, 226216.67, 227552.4, 228900.72, 230258.64, 231629.43, 233010.27, 234405.06, 235815.39, 237241.12, 238680.76, 240134.28, 241600.95, 243095.52, 244605.5, 246130.89, 247676.69, 249245.06, 250837.66, 252447.91, 254081.43, 255746.56, 257447.23, 259167.06, 260921.3, 262708.35, 264528.53, 266385.41, 268283.87, 270225.38, 272205.75, 274244.64, 276336.06, 278476.95, 280687.66, 282967.95, 285309.29, 287735.45, 290251.53, 292875.65, 295606.42, 298448.8, 301438.81, 304585.3, 307913.86, 311454.5, 315247.53, 319343.11, 323780.58, 328694.24, 334161.22, 340406.63, 347775.27, 356833.29, 368841.29, 387564.46, 591036.15]",32503968
orders,o_orderpriority,string,[],5
orders,o_clerk,string,[],104363
orders,o_shippriority,int,[0.0],1
orders,o_comment,string,[],114728199
orders,o_orderdate,date,"[1992-01-01, 1992-01-10, 1992-01-19, 1992-01-29, 1992-02-07, 1992-02-17, 1992-02-26, 1992-03-07, 1992-03-16, 1992-03-26, 1992-04-04, 1992-04-14, 1992-04-23, 1992-05-03, 1992-05-12, 1992-05-22, 1992-05-31, 1992-06-10, 1992-06-19, 1992-06-29, 1992-07-08, 1992-07-17, 1992-07-27, 1992-08-05, 1992-08-15, 1992-08-24, 1992-09-03, 1992-09-12, 1992-09-22, 1992-10-01, 1992-10-11, 1992-10-20, 1992-10-30, 1992-11-08, 1992-11-18, 1992-11-27, 1992-12-07, 1992-12-16, 1992-12-26, 1993-01-04, 1993-01-13, 1993-01-23, 1993-02-01, 1993-02-11, 1993-02-20, 1993-03-02, 1993-03-11, 1993-03-21, 1993-03-30, 1993-04-09, 1993-04-18, 1993-04-28, 1993-05-07, 1993-05-17, 1993-05-26, 1993-06-05, 1993-06-14, 1993-06-23, 1993-07-03, 1993-07-12, 1993-07-22, 1993-07-31, 1993-08-10, 1993-08-19, 1993-08-29, 1993-09-07, 1993-09-17, 1993-09-26, 1993-10-06, 1993-10-15, 1993-10-25, 1993-11-03, 1993-11-13, 1993-11-22, 1993-12-02, 1993-12-11, 1993-12-21, 1993-12-30, 1994-01-09, 1994-01-18, 1994-01-27, 1994-02-06, 1994-02-15, 1994-02-25, 1994-03-06, 1994-03-16, 1994-03-25, 1994-04-04, 1994-04-13, 1994-04-23, 1994-05-02, 1994-05-12, 1994-05-21, 1994-05-31, 1994-06-09, 1994-06-18, 1994-06-28, 1994-07-07, 1994-07-17, 1994-07-26, 1994-08-05, 1994-08-14, 1994-08-24, 1994-09-02, 1994-09-12, 1994-09-21, 1994-10-01, 1994-10-10, 1994-10-20, 1994-10-29, 1994-11-08, 1994-11-17, 1994-11-27, 1994-12-06, 1994-12-15, 1994-12-25, 1995-01-03, 1995-01-13, 1995-01-22, 1995-02-01, 1995-02-10, 1995-02-20, 1995-03-01, 1995-03-11, 1995-03-20, 1995-03-30, 1995-04-08, 1995-04-18, 1995-04-27, 1995-05-07, 1995-05-16, 1995-05-25, 1995-06-04, 1995-06-13, 1995-06-23, 1995-07-02, 1995-07-12, 1995-07-21, 1995-07-31, 1995-08-09, 1995-08-19, 1995-08-28, 1995-09-07, 1995-09-16, 1995-09-26, 1995-10-05, 1995-10-15, 1995-10-24, 1995-11-02, 1995-11-12, 1995-11-21, 1995-12-01, 1995-12-10, 1995-12-20, 1995-12-29, 1996-01-08, 1996-01-17, 1996-01-27, 1996-02-05, 1996-02-15, 1996-02-24, 1996-03-05, 1996-03-14, 1996-03-24, 1996-04-02, 1996-04-12, 1996-04-21, 1996-04-30, 1996-05-10, 1996-05-19, 1996-05-29, 1996-06-07, 1996-06-17, 1996-06-26, 1996-07-06, 1996-07-15, 1996-07-25, 1996-08-03, 1996-08-13, 1996-08-22, 1996-09-01, 1996-09-10, 1996-09-20, 1996-09-29, 1996-10-09, 1996-10-18, 1996-10-27, 1996-11-06, 1996-11-15, 1996-11-25, 1996-12-04, 1996-12-14, 1996-12-23, 1997-01-02, 1997-01-11, 1997-01-21, 1997-01-30, 1997-02-09, 1997-02-18, 1997-02-28, 1997-03-09, 1997-03-18, 1997-03-28, 1997-04-06, 1997-04-16, 1997-04-25, 1997-05-05, 1997-05-14, 1997-05-24, 1997-06-02, 1997-06-12, 1997-06-21, 1997-07-01, 1997-07-10, 1997-07-20, 1997-07-29, 1997-08-08, 1997-08-17, 1997-08-26, 1997-09-05, 1997-09-14, 1997-09-24, 1997-10-03, 1997-10-13, 1997-10-22, 1997-11-01, 1997-11-10, 1997-11-20, 1997-11-29, 1997-12-09, 1997-12-18, 1997-12-28, 1998-01-06, 1998-01-16, 1998-01-25, 1998-02-03, 1998-02-13, 1998-02-22, 1998-03-04, 1998-03-13, 1998-03-23, 1998-04-01, 1998-04-11, 1998-04-20, 1998-04-30, 1998-05-09, 1998-05-19, 1998-05-28, 1998-06-07, 1998-06-16, 1998-06-26, 1998-07-05, 1998-07-15, 1998-07-24, 1998-08-02]",2529
part,p_partkey,bigint,"[1.0, 78350.0, 157130.0, 236034.0, 314568.0, 393257.0, 471638.0, 550638.0, 629790.0, 707837.0, 787171.0, 865594.0, 944158.0, 1023170.0, 1101949.0, 1180570.0, 1259343.0, 1338140.0, 1416903.0, 1495501.0, 1574501.0, 1653192.0, 1731922.0, 1810506.0, 1889141.0, 1968350.0, 2046948.0, 2125922.0, 2204522.0, 2282681.0, 2361974.0, 2440511.0, 2519305.0, 2598080.0, 2676888.0, 2755612.0, 2833924.0, 2913408.0, 2991842.0, 3070287.0, 3149059.0, 3227749.0, 3306811.0, 3385241.0, 3464366.0, 3542518.0, 3621375.0, 3700232.0, 3779223.0, 3857788.0, 3936572.0, 4015047.0, 4094153.0, 4172788.0, 4251609.0, 4330436.0, 4408958.0, 4487766.0, 4566417.0, 4645280.0, 4724205.0, 4802872.0, 4881247.0, 4960451.0, 5038771.0, 5117615.0, 5196312.0, 5275398.0, 5353859.0, 5432756.0, 5511250.0, 5589586.0, 5668631.0, 5747720.0, 5826006.0, 5904855.0, 5983773.0, 6062373.0, 6141135.0, 6219763.0, 6298875.0, 6377597.0, 6456390.0, 6535339.0, 6613857.0, 6692684.0, 6771016.0, 6850100.0, 6928566.0, 7007189.0, 7086152.0, 7164651.0, 7243669.0, 7322059.0, 7401085.0, 7480011.0, 7558808.0, 7637287.0, 7716102.0, 7795065.0, 7873896.0, 7952441.0, 8030823.0, 8109623.0, 8188285.0, 8267157.0, 8345905.0, 8424470.0, 8503345.0, 8582114.0, 8660822.0, 8739719.0, 8818372.0, 8897142.0, 8975763.0, 9054811.0, 9133503.0, 9211994.0, 9290777.0, 9369618.0, 9448319.0, 9527253.0, 9605945.0, 9684453.0, 9763588.0, 9842057.0, 9920450.0, 9999568.0, 1.007795E7, 1.0156883E7, 1.0236052E7, 1.0314586E7, 1.0393301E7, 1.0472012E7, 1.0550577E7, 1.062931E7, 1.0708511E7, 1.0786522E7, 1.0865522E7, 1.0944499E7, 1.102297E7, 1.1101572E7, 1.1180293E7, 1.1259231E7, 1.133796E7, 1.1416863E7, 1.1495633E7, 1.1574414E7, 1.1653328E7, 1.1731513E7, 1.1810582E7, 1.1889383E7, 1.1967996E7, 1.2046683E7, 1.2125735E7, 1.2204368E7, 1.2283037E7, 1.2361653E7, 1.2440432E7, 1.2519021E7, 1.2597872E7, 1.2676398E7, 1.2755134E7, 1.2833941E7, 1.2913002E7, 1.2991899E7, 1.3070265E7, 1.3149082E7, 1.3227986E7, 1.330642E7, 1.3384854E7, 1.3463912E7, 1.3542617E7, 1.3621412E7, 1.3699941E7, 1.3778824E7, 1.3857631E7, 1.3936297E7, 1.4015282E7, 1.4093785E7, 1.4172946E7, 1.4251662E7, 1.4329966E7, 1.4408944E7, 1.4487864E7, 1.4566355E7, 1.4644882E7, 1.4723818E7, 1.4802572E7, 1.4881185E7, 1.496003E7, 1.5039251E7, 1.5117515E7, 1.5196122E7, 1.5275138E7, 1.5353603E7, 1.5432519E7, 1.5511383E7, 1.5589962E7, 1.5668757E7, 1.5747646E7, 1.5826341E7, 1.5904815E7, 1.598371E7, 1.6062315E7, 1.6141033E7, 1.6219666E7, 1.6298869E7, 1.6377644E7, 1.6455983E7, 1.6534949E7, 1.6613864E7, 1.6692329E7, 1.6771219E7, 1.6849823E7, 1.6928639E7, 1.7007095E7, 1.7085935E7, 1.7164723E7, 1.7243575E7, 1.7322352E7, 1.7401136E7, 1.7479446E7, 1.7558503E7, 1.7637217E7, 1.7716211E7, 1.7794642E7, 1.787347E7, 1.7952354E7, 1.8030738E7, 1.8109548E7, 1.8188193E7, 1.8267048E7, 1.8345609E7, 1.8424876E7, 1.8503492E7, 1.8582118E7, 1.8660611E7, 1.8739629E7, 1.8818093E7, 1.8897247E7, 1.89761E7, 1.9054319E7, 1.9133181E7, 1.921197E7, 1.9290584E7, 1.9369668E7, 1.9448282E7, 1.9527004E7, 1.9605945E7, 1.9684481E7, 1.9763745E7, 1.9842198E7, 1.9920966E7, 2.0E7]",18615082
part,p_name,string,[],20000000
part,p_mfgr,string,[],5
part,p_type,string,[],153
part,p_size,int,"[1.0, 2.0, 3.0, 4.0, 5.0, 6.0, 7.0, 8.0, 9.0, 10.0, 11.0, 12.0, 13.0, 14.0, 15.0, 16.0, 17.0, 18.0, 19.0, 20.0, 21.0, 22.0, 23.0, 24.0, 25.0, 26.0, 27.0, 28.0, 29.0, 30.0, 31.0, 32.0, 33.0, 34.0, 35.0, 36.0, 37.0, 38.0, 39.0, 40.0, 41.0, 42.0, 43.0, 44.0, 45.0, 46.0, 47.0, 48.0, 49.0, 50.0]",49
part,p_container,string,[],41
part,p_retailprice,"decimal(12,2)","[900.01, 939.03, 955.61, 968.2, 978.82, 988.18, 996.65, 1004.43, 1011.71, 1018.52, 1024.95, 1031.06, 1036.93, 1042.57, 1047.94, 1053.16, 1058.2, 1063.11, 1067.83, 1072.46, 1076.94, 1081.35, 1085.62, 1089.78, 1093.89, 1097.89, 1101.83, 1105.77, 1109.71, 1113.66, 1117.6, 1121.52, 1125.46, 1129.39, 1133.34, 1137.26, 1141.2, 1145.16, 1149.08, 1153.03, 1156.95, 1160.9, 1164.84, 1168.77, 1172.71, 1176.65, 1180.58, 1184.53, 1188.43, 1192.38, 1196.33, 1200.27, 1204.2, 1208.14, 1212.07, 1216.01, 1219.94, 1223.87, 1227.82, 1231.76, 1235.71, 1239.63, 1243.59, 1247.51, 1251.45, 1255.38, 1259.31, 1263.27, 1267.2, 1271.13, 1275.05, 1279.01, 1282.94, 1286.88, 1290.82, 1294.74, 1298.69, 1302.62, 1306.56, 1310.51, 1314.44, 1318.37, 1322.31, 1326.22, 1330.19, 1334.11, 1338.06, 1342.0, 1345.92, 1349.86, 1353.81, 1357.75, 1361.68, 1365.62, 1369.57, 1373.48, 1377.44, 1381.36, 1385.3, 1389.25, 1393.18, 1397.12, 1401.05, 1405.01, 1408.93, 1412.85, 1416.78, 1420.75, 1424.66, 1428.6, 1432.56, 1436.47, 1440.43, 1444.35, 1448.27, 1452.23, 1456.18, 1460.09, 1464.05, 1467.97, 1471.91, 1475.85, 1479.78, 1483.73, 1487.67, 1491.6, 1495.54, 1499.48, 1503.4, 1507.37, 1511.29, 1515.23, 1519.16, 1523.1, 1527.04, 1530.96, 1534.9, 1538.83, 1542.78, 1546.72, 1550.66, 1554.6, 1558.54, 1562.48, 1566.39, 1570.34, 1574.29, 1578.22, 1582.13, 1586.1, 1590.04, 1593.96, 1597.9, 1601.83, 1605.79, 1609.72, 1613.65, 1617.58, 1621.51, 1625.47, 1629.39, 1633.34, 1637.26, 1641.2, 1645.15, 1649.08, 1653.0, 1656.94, 1660.89, 1664.83, 1668.75, 1672.7, 1676.63, 1680.6, 1684.53, 1688.46, 1692.39, 1696.33, 1700.26, 1704.19, 1708.14, 1712.06, 1716.01, 1719.94, 1723.9, 1727.81, 1731.74, 1735.7, 1739.65, 1743.57, 1747.5, 1751.44, 1755.38, 1759.32, 1763.26, 1767.19, 1771.12, 1775.07, 1779.0, 1782.94, 1786.88, 1790.82, 1794.75, 1798.68, 1802.61, 1806.56, 1810.49, 1814.42, 1818.37, 1822.31, 1826.25, 1830.18, 1834.13, 1838.06, 1841.99, 1845.93, 1849.85, 1853.79, 1857.75, 1861.68, 1865.61, 1869.55, 1873.49, 1877.43, 1881.35, 1885.28, 1889.23, 1893.18, 1897.12, 1901.05, 1905.06, 1909.15, 1913.34, 1917.61, 1922.0, 1926.47, 1931.11, 1935.82, 1940.72, 1945.75, 1950.99, 1956.39, 1961.96, 1967.84, 1973.94, 1980.4, 1987.18, 1994.47, 2002.21, 2010.69, 2020.06, 2030.67, 2043.27, 2059.69, 2098.99]",113230
part,p_comment,string,[],4051593
part,p_brand,string,[],26
partsupp,ps_partkey,bigint,"[1.0, 78261.0, 157183.0, 235509.0, 314131.0, 393289.0, 471803.0, 550482.0, 629326.0, 707813.0, 787093.0, 865727.0, 944228.0, 1023138.0, 1101925.0, 1180657.0, 1259365.0, 1338008.0, 1416961.0, 1495259.0, 1574132.0, 1652665.0, 1731593.0, 1810410.0, 1889032.0, 1967856.0, 2046920.0, 2125135.0, 2204004.0, 2282616.0, 2361654.0, 2440190.0, 2519003.0, 2597680.0, 2677002.0, 2755583.0, 2834158.0, 2912816.0, 2991648.0, 3070571.0, 3149362.0, 3228025.0, 3306593.0, 3385507.0, 3464063.0, 3542895.0, 3621549.0, 3700656.0, 3779380.0, 3857562.0, 3936750.0, 4015177.0, 4094011.0, 4173194.0, 4251541.0, 4329922.0, 4409348.0, 4487847.0, 4566529.0, 4645089.0, 4724033.0, 4803482.0, 4881558.0, 4960320.0, 5039106.0, 5117729.0, 5196841.0, 5275324.0, 5353998.0, 5432494.0, 5511792.0, 5590490.0, 5668984.0, 5747996.0, 5826388.0, 5904921.0, 5983796.0, 6062635.0, 6141391.0, 6220055.0, 6299097.0, 6377741.0, 6456526.0, 6535057.0, 6613906.0, 6692728.0, 6771373.0, 6850042.0, 6928771.0, 7007851.0, 7086141.0, 7165411.0, 7243618.0, 7322326.0, 7401068.0, 7479819.0, 7558701.0, 7637675.0, 7716072.0, 7795117.0, 7873864.0, 7952451.0, 8030938.0, 8109483.0, 8188600.0, 8267562.0, 8346341.0, 8424886.0, 8503524.0, 8582321.0, 8660959.0, 8739892.0, 8818301.0, 8897087.0, 8975971.0, 9055092.0, 9133572.0, 9212144.0, 9291091.0, 9369285.0, 9448685.0, 9527231.0, 9606232.0, 9684434.0, 9763556.0, 9842096.0, 9920882.0, 9999654.0, 1.0078417E7, 1.0157E7, 1.0235835E7, 1.0314376E7, 1.0393097E7, 1.0472246E7, 1.0550566E7, 1.0629212E7, 1.0708266E7, 1.0787174E7, 1.0865715E7, 1.094401E7, 1.1023328E7, 1.1101876E7, 1.1180714E7, 1.1259523E7, 1.1338124E7, 1.1416871E7, 1.1495743E7, 1.1574596E7, 1.1653328E7, 1.1731701E7, 1.1810667E7, 1.1889261E7, 1.1968216E7, 1.2047014E7, 1.212561E7, 1.2204142E7, 1.22829E7, 1.2362101E7, 1.2440505E7, 1.2519496E7, 1.2598116E7, 1.2676634E7, 1.2755278E7, 1.2834595E7, 1.2913076E7, 1.2991893E7, 1.3070736E7, 1.3149163E7, 1.3227943E7, 1.3307162E7, 1.3385589E7, 1.3464109E7, 1.3542965E7, 1.3621717E7, 1.3700415E7, 1.3779504E7, 1.3857468E7, 1.3937018E7, 1.4015364E7, 1.4094406E7, 1.4173406E7, 1.4251319E7, 1.4330737E7, 1.4409399E7, 1.4488178E7, 1.4566457E7, 1.4645107E7, 1.4724189E7, 1.4802692E7, 1.4881724E7, 1.4960554E7, 1.5039011E7, 1.5117831E7, 1.5196612E7, 1.5275335E7, 1.5354217E7, 1.5432553E7, 1.5511361E7, 1.5589997E7, 1.5668966E7, 1.5747378E7, 1.5826117E7, 1.5905379E7, 1.5983804E7, 1.6062655E7, 1.6141482E7, 1.6220182E7, 1.6299035E7, 1.6377771E7, 1.6456011E7, 1.6535332E7, 1.6614118E7, 1.6692621E7, 1.6771436E7, 1.6850221E7, 1.6928729E7, 1.7007843E7, 1.7086606E7, 1.716508E7, 1.7243652E7, 1.7322222E7, 1.7400978E7, 1.7480129E7, 1.7558858E7, 1.763708E7, 1.77162E7, 1.7795247E7, 1.7873228E7, 1.7952336E7, 1.8031183E7, 1.8109553E7, 1.8188592E7, 1.8267155E7, 1.8346149E7, 1.8424831E7, 1.8503277E7, 1.8581934E7, 1.8661353E7, 1.8739755E7, 1.8818373E7, 1.8896944E7, 1.8975982E7, 1.9054386E7, 1.9133524E7, 1.9211867E7, 1.9290421E7, 1.9369582E7, 1.944853E7, 1.9527066E7, 1.960582E7, 1.9684505E7, 1.9763131E7, 1.9842003E7, 1.9920728E7, 2.0E7]",18615082
partsupp,ps_suppkey,bigint,"[1.0, 3927.0, 7845.0, 11787.0, 15726.0, 19649.0, 23593.0, 27533.0, 31505.0, 35425.0, 39351.0, 43277.0, 47226.0, 51146.0, 55093.0, 59043.0, 62963.0, 66920.0, 70851.0, 74785.0, 78715.0, 82653.0, 86595.0, 90523.0, 94463.0, 98393.0, 102320.0, 106289.0, 110206.0, 114140.0, 118077.0, 122030.0, 125968.0, 129905.0, 133836.0, 137772.0, 141712.0, 145653.0, 149594.0, 153519.0, 157468.0, 161384.0, 165329.0, 169259.0, 173196.0, 177138.0, 181089.0, 185021.0, 188959.0, 192895.0, 196817.0, 200755.0, 204682.0, 208640.0, 212587.0, 216508.0, 220442.0, 224400.0, 228321.0, 232273.0, 236204.0, 240128.0, 244077.0, 248005.0, 251948.0, 255881.0, 259806.0, 263767.0, 267697.0, 271625.0, 275573.0, 279506.0, 283436.0, 287371.0, 291332.0, 295257.0, 299189.0, 303114.0, 307059.0, 311001.0, 314937.0, 318873.0, 322809.0, 326774.0, 330686.0, 334614.0, 338547.0, 342502.0, 346437.0, 350378.0, 354305.0, 358231.0, 362181.0, 366138.0, 370064.0, 373997.0, 377933.0, 381869.0, 385797.0, 389736.0, 393673.0, 397622.0, 401546.0, 405493.0, 409416.0, 413368.0, 417310.0, 421229.0, 425168.0, 429110.0, 433052.0, 436983.0, 440934.0, 444863.0, 448798.0, 452731.0, 456678.0, 460600.0, 464548.0, 468476.0, 472420.0, 476345.0, 480294.0, 484234.0, 488162.0, 492098.0, 496036.0, 499957.0, 503911.0, 507843.0, 511795.0, 515728.0, 519667.0, 523599.0, 527529.0, 531463.0, 535416.0, 539345.0, 543292.0, 547224.0, 551156.0, 555077.0, 559031.0, 562983.0, 566920.0, 570848.0, 574780.0, 578727.0, 582642.0, 586594.0, 590532.0, 594467.0, 598409.0, 602343.0, 606282.0, 610219.0, 614147.0, 618091.0, 622024.0, 625962.0, 629890.0, 633829.0, 637776.0, 641709.0, 645642.0, 649589.0, 653509.0, 657441.0, 661403.0, 665342.0, 669265.0, 673194.0, 677149.0, 681072.0, 685024.0, 688958.0, 692883.0, 696829.0, 700755.0, 704701.0, 708635.0, 712561.0, 716510.0, 720449.0, 724379.0, 728322.0, 732252.0, 736190.0, 740136.0, 744062.0, 748010.0, 751933.0, 755865.0, 759821.0, 763747.0, 767702.0, 771624.0, 775564.0, 779495.0, 783430.0, 787368.0, 791319.0, 795242.0, 799181.0, 803123.0, 807064.0, 810993.0, 814938.0, 818863.0, 822811.0, 826756.0, 830676.0, 834624.0, 838550.0, 842496.0, 846420.0, 850373.0, 854303.0, 858238.0, 862194.0, 866120.0, 870059.0, 873985.0, 877923.0, 881855.0, 885806.0, 889740.0, 893674.0, 897616.0, 901557.0, 905484.0, 909429.0, 913358.0, 917294.0, 921214.0, 925174.0, 929101.0, 933044.0, 936976.0, 940928.0, 944858.0, 948795.0, 952741.0, 956667.0, 960597.0, 964549.0, 968481.0, 972409.0, 976360.0, 980284.0, 984215.0, 988161.0, 992095.0, 996049.0, 1000000.0]",925738
partsupp,ps_availqty,int,"[1.0, 40.0, 80.0, 119.0, 158.0, 198.0, 237.0, 277.0, 316.0, 355.0, 395.0, 434.0, 474.0, 513.0, 552.0, 592.0, 631.0, 671.0, 710.0, 749.0, 789.0, 828.0, 867.0, 906.0, 946.0, 985.0, 1025.0, 1064.0, 1103.0, 1143.0, 1182.0, 1221.0, 1261.0, 1300.0, 1340.0, 1379.0, 1418.0, 1458.0, 1497.0, 1536.0, 1576.0, 1615.0, 1654.0, 1693.0, 1733.0, 1772.0, 1812.0, 1851.0, 1890.0, 1930.0, 1969.0, 2009.0, 2048.0, 2087.0, 2127.0, 2166.0, 2206.0, 2245.0, 2284.0, 2323.0, 2363.0, 2402.0, 2442.0, 2481.0, 2520.0, 2560.0, 2599.0, 2639.0, 2678.0, 2718.0, 2757.0, 2796.0, 2836.0, 2875.0, 2915.0, 2954.0, 2993.0, 3033.0, 3072.0, 3111.0, 3151.0, 3190.0, 3230.0, 3269.0, 3308.0, 3348.0, 3387.0, 3426.0, 3466.0, 3505.0, 3544.0, 3584.0, 3623.0, 3663.0, 3702.0, 3741.0, 3780.0, 3820.0, 3859.0, 3898.0, 3938.0, 3977.0, 4017.0, 4056.0, 4095.0, 4135.0, 4174.0, 4213.0, 4253.0, 4292.0, 4331.0, 4371.0, 4410.0, 4450.0, 4489.0, 4529.0, 4568.0, 4607.0, 4646.0, 4686.0, 4725.0, 4765.0, 4804.0, 4843.0, 4882.0, 4922.0, 4961.0, 5001.0, 5040.0, 5079.0, 5119.0, 5158.0, 5198.0, 5237.0, 5276.0, 5315.0, 5355.0, 5394.0, 5433.0, 5473.0, 5512.0, 5551.0, 5591.0, 5630.0, 5670.0, 5709.0, 5748.0, 5788.0, 5827.0, 5866.0, 5906.0, 5945.0, 5985.0, 6024.0, 6063.0, 6103.0, 6142.0, 6181.0, 6221.0, 6260.0, 6300.0, 6339.0, 6378.0, 6418.0, 6457.0, 6497.0, 6536.0, 6575.0, 6615.0, 6654.0, 6693.0, 6733.0, 6772.0, 6812.0, 6851.0, 6890.0, 6930.0, 6969.0, 7008.0, 7048.0, 7087.0, 7126.0, 7166.0, 7205.0, 7245.0, 7284.0, 7323.0, 7363.0, 7402.0, 7441.0, 7481.0, 7520.0, 7559.0, 7599.0, 7638.0, 7677.0, 7717.0, 7756.0, 7795.0, 7835.0, 7874.0, 7913.0, 7953.0, 7992.0, 8031.0, 8071.0, 8110.0, 8149.0, 8189.0, 8228.0, 8268.0, 8307.0, 8346.0, 8386.0, 8425.0, 8464.0, 8504.0, 8543.0, 8583.0, 8622.0, 8661.0, 8701.0, 8740.0, 8779.0, 8819.0, 8858.0, 8897.0, 8937.0, 8976.0, 9016.0, 9055.0, 9094.0, 9134.0, 9173.0, 9212.0, 9252.0, 9291.0, 9331.0, 9370.0, 9409.0, 9448.0, 9488.0, 9527.0, 9567.0, 9606.0, 9646.0, 9685.0, 9724.0, 9763.0, 9803.0, 9842.0, 9882.0, 9921.0, 9960.0, 9999.0]",9823
partsupp,ps_supplycost,"decimal(12,2)","[1.0, 4.91, 8.86, 12.78, 16.73, 20.66, 24.6, 28.54, 32.47, 36.4, 40.32, 44.26, 48.18, 52.12, 56.01, 59.98, 63.89, 67.82, 71.76, 75.7, 79.63, 83.56, 87.48, 91.4, 95.35, 99.29, 103.23, 107.14, 111.08, 115.02, 118.93, 122.89, 126.82, 130.73, 134.67, 138.63, 142.55, 146.49, 150.43, 154.36, 158.3, 162.24, 166.18, 170.08, 174.04, 177.95, 181.87, 185.81, 189.71, 193.65, 197.6, 201.52, 205.45, 209.41, 213.35, 217.26, 221.21, 225.14, 229.09, 233.04, 236.94, 240.88, 244.81, 248.73, 252.66, 256.6, 260.54, 264.46, 268.4, 272.31, 276.26, 280.19, 284.14, 288.07, 291.97, 295.93, 299.85, 303.79, 307.73, 311.64, 315.58, 319.52, 323.43, 327.37, 331.29, 335.24, 339.17, 343.1, 347.04, 350.97, 354.89, 358.83, 362.75, 366.71, 370.65, 374.56, 378.48, 382.42, 386.36, 390.28, 394.22, 398.16, 402.09, 406.0, 409.94, 413.86, 417.81, 421.74, 425.67, 429.61, 433.53, 437.45, 441.39, 445.32, 449.24, 453.18, 457.11, 461.07, 465.01, 468.93, 472.87, 476.82, 480.75, 484.69, 488.61, 492.55, 496.48, 500.41, 504.35, 508.27, 512.21, 516.15, 520.08, 524.0, 527.94, 531.88, 535.8, 539.75, 543.68, 547.62, 551.55, 555.5, 559.44, 563.36, 567.31, 571.24, 575.16, 579.1, 583.01, 586.95, 590.89, 594.84, 598.75, 602.72, 606.62, 610.59, 614.51, 618.44, 622.4, 626.33, 630.27, 634.2, 638.15, 642.07, 646.01, 649.94, 653.89, 657.82, 661.76, 665.69, 669.62, 673.56, 677.5, 681.43, 685.35, 689.29, 693.23, 697.16, 701.09, 705.02, 708.95, 712.88, 716.8, 720.75, 724.68, 728.61, 732.52, 736.47, 740.38, 744.32, 748.26, 752.2, 756.13, 760.07, 763.98, 767.9, 771.85, 775.77, 779.7, 783.64, 787.59, 791.5, 795.44, 799.38, 803.3, 807.24, 811.18, 815.13, 819.07, 823.0, 826.93, 830.87, 834.8, 838.73, 842.68, 846.6, 850.53, 854.47, 858.42, 862.35, 866.3, 870.21, 874.14, 878.08, 882.01, 885.93, 889.87, 893.77, 897.7, 901.65, 905.57, 909.51, 913.45, 917.37, 921.32, 925.25, 929.2, 933.11, 937.04, 940.98, 944.92, 948.86, 952.79, 956.74, 960.66, 964.59, 968.52, 972.45, 976.38, 980.32, 984.23, 988.17, 992.12, 996.05, 1000.0]",95546
partsupp,ps_comment,string,[],72445343
region,r_regionkey,bigint,"[0.0, 1.0, 2.0, 3.0, 4.0]",5
region,r_name,string,[],5
region,r_comment,string,[],5
supplier,s_suppkey,bigint,"[1.0, 3942.0, 7930.0, 11902.0, 15810.0, 19696.0, 23708.0, 27558.0, 31564.0, 35444.0, 39444.0, 43386.0, 47311.0, 51155.0, 55058.0, 59079.0, 63013.0, 66902.0, 70811.0, 74772.0, 78733.0, 82712.0, 86598.0, 90460.0, 94391.0, 98421.0, 102313.0, 106295.0, 110302.0, 114203.0, 118054.0, 122061.0, 126026.0, 129945.0, 133882.0, 137845.0, 141635.0, 145650.0, 149666.0, 153522.0, 157553.0, 161438.0, 165348.0, 169343.0, 173148.0, 177153.0, 181083.0, 185062.0, 188987.0, 192940.0, 196839.0, 200847.0, 204693.0, 208717.0, 212648.0, 216615.0, 220438.0, 224398.0, 228413.0, 232217.0, 236204.0, 240199.0, 244111.0, 248014.0, 251974.0, 255875.0, 259801.0, 263704.0, 267764.0, 271697.0, 275678.0, 279528.0, 283367.0, 287351.0, 291413.0, 295313.0, 299250.0, 303189.0, 307129.0, 311091.0, 314897.0, 318944.0, 322845.0, 326832.0, 330797.0, 334727.0, 338611.0, 342436.0, 346511.0, 350399.0, 354367.0, 358257.0, 362223.0, 366193.0, 370163.0, 373975.0, 377979.0, 381806.0, 385902.0, 389786.0, 393777.0, 397614.0, 401485.0, 405525.0, 409506.0, 413424.0, 417396.0, 421270.0, 425213.0, 429178.0, 433025.0, 437079.0, 440988.0, 444782.0, 448885.0, 452719.0, 456692.0, 460637.0, 464632.0, 468577.0, 472513.0, 476408.0, 480312.0, 484319.0, 488225.0, 492187.0, 496073.0, 500061.0, 504001.0, 507911.0, 511892.0, 515662.0, 519727.0, 523595.0, 527565.0, 531555.0, 535457.0, 539350.0, 543390.0, 547256.0, 551231.0, 555079.0, 559131.0, 562966.0, 566893.0, 570942.0, 574813.0, 578785.0, 582647.0, 586584.0, 590626.0, 594506.0, 598486.0, 602333.0, 606313.0, 610243.0, 614193.0, 618110.0, 622076.0, 625988.0, 629954.0, 633905.0, 637877.0, 641667.0, 645578.0, 649634.0, 653447.0, 657560.0, 661321.0, 665321.0, 669337.0, 673280.0, 677238.0, 681164.0, 685052.0, 688951.0, 692963.0, 696856.0, 700726.0, 704804.0, 708660.0, 712558.0, 716501.0, 720482.0, 724490.0, 728285.0, 732335.0, 736268.0, 740193.0, 744105.0, 748020.0, 752046.0, 755957.0, 759880.0, 763770.0, 767757.0, 771554.0, 775630.0, 779528.0, 783541.0, 787402.0, 791383.0, 795204.0, 799258.0, 803139.0, 807067.0, 810965.0, 815013.0, 818923.0, 822807.0, 826790.0, 830759.0, 834648.0, 838596.0, 842497.0, 846381.0, 850446.0, 854325.0, 858332.0, 862162.0, 866194.0, 870039.0, 874047.0, 878024.0, 881812.0, 885779.0, 889805.0, 893771.0, 897673.0, 901501.0, 905589.0, 909476.0, 913390.0, 917395.0, 921247.0, 925150.0, 929180.0, 933125.0, 937096.0, 941008.0, 944853.0, 948798.0, 952811.0, 956748.0, 960695.0, 964601.0, 968569.0, 972395.0, 976351.0, 980307.0, 984287.0, 988089.0, 992164.0, 996107.0, 1000000.0]",925738
supplier,s_name,string,[],986203
supplier,s_address,string,[],983670
supplier,s_nationkey,bigint,"[0.0, 1.0, 2.0, 3.0, 4.0, 5.0, 6.0, 7.0, 8.0, 9.0, 10.0, 11.0, 12.0, 13.0, 14.0, 15.0, 16.0, 17.0, 18.0, 19.0, 20.0, 21.0, 22.0, 23.0, 24.0]",25
supplier,s_phone,string,[],1000000
supplier,s_acctbal,"decimal(12,2)","[-999.99, -955.47, -913.16, -870.69, -827.38, -783.41, -741.29, -697.3, -654.57, -608.95, -567.71, -523.5, -479.68, -436.52, -392.29, -350.53, -304.93, -262.53, -219.32, -174.76, -131.64, -90.97, -46.74, -3.82, 38.29, 81.49, 125.3, 168.68, 213.44, 254.81, 298.37, 342.53, 385.42, 427.47, 469.55, 513.02, 555.35, 600.21, 643.56, 686.16, 729.86, 772.28, 815.28, 858.73, 901.93, 944.74, 988.0, 1031.59, 1073.5, 1117.58, 1162.03, 1205.11, 1247.64, 1289.61, 1332.12, 1376.08, 1420.36, 1465.05, 1508.35, 1550.68, 1592.59, 1635.63, 1677.44, 1721.44, 1763.51, 1805.11, 1848.65, 1892.71, 1935.96, 1981.42, 2025.64, 2067.21, 2110.5, 2153.62, 2197.92, 2240.3, 2283.65, 2325.74, 2371.05, 2413.46, 2457.86, 2500.14, 2544.08, 2588.15, 2633.68, 2675.57, 2718.76, 2761.88, 2805.2, 2848.44, 2892.63, 2934.88, 2979.27, 3023.3, 3068.53, 3111.1, 3154.42, 3197.5, 3240.9, 3284.59, 3327.07, 3371.32, 3414.43, 3459.83, 3502.12, 3545.99, 3588.27, 3631.68, 3675.52, 3718.34, 3760.18, 3804.41, 3846.45, 3888.41, 3931.24, 3975.76, 4018.58, 4062.64, 4104.27, 4149.23, 4193.49, 4238.07, 4280.9, 4326.3, 4369.39, 4411.96, 4454.54, 4497.3, 4541.21, 4586.02, 4628.7, 4673.32, 4716.14, 4760.37, 4804.72, 4848.46, 4891.25, 4933.78, 4976.42, 5021.18, 5063.64, 5108.4, 5152.31, 5195.42, 5237.46, 5280.03, 5324.15, 5368.73, 5413.24, 5455.07, 5497.63, 5542.33, 5587.81, 5630.59, 5674.34, 5717.91, 5760.39, 5804.18, 5847.93, 5891.12, 5933.98, 5975.28, 6019.13, 6062.77, 6108.42, 6149.81, 6192.8, 6236.21, 6277.6, 6321.97, 6363.13, 6406.54, 6451.46, 6494.19, 6538.01, 6581.94, 6624.39, 6669.25, 6711.31, 6755.94, 6798.69, 6843.0, 6887.8, 6931.49, 6976.06, 7018.05, 7063.11, 7106.43, 7150.13, 7192.99, 7238.16, 7280.55, 7323.89, 7366.26, 7408.84, 7451.19, 7494.27, 7538.81, 7581.78, 7624.8, 7667.31, 7711.0, 7755.04, 7797.43, 7839.89, 7882.96, 7925.23, 7967.71, 8010.35, 8055.12, 8098.24, 8142.93, 8185.72, 8229.28, 8272.1, 8315.58, 8359.33, 8401.16, 8445.41, 8487.81, 8531.43, 8573.73, 8615.86, 8659.99, 8702.73, 8746.11, 8790.04, 8834.32, 8877.62, 8920.34, 8962.23, 9005.82, 9049.73, 9092.6, 9135.93, 9177.32, 9221.45, 9264.19, 9306.86, 9350.23, 9392.34, 9435.84, 9479.71, 9523.63, 9564.26, 9607.73, 9653.22, 9696.01, 9741.26, 9784.45, 9826.79, 9872.24, 9913.86, 9957.38, 9999.98]",620585
supplier,s_comment,string,[],1000000
